,job_title,job_type,experience_level,location,salary_currency,salary
0,Data scientist,Full Time,Senior,New York City,USD,149000
2,Data scientist,Full Time,Senior,Boston,USD,120000
3,Data scientist,Full Time,Senior,London,USD,68000
4,Data scientist,Full Time,Senior,Boston,USD,120000
5,Data scientist,Full Time,Senior,New York City,USD,149000
6,Data scientist,Full Time,Senior,London,USD,68000
7,Data scientist,Full Time,Senior,Research Triangle Park,USD,69000
8,Data scientist,Full Time,Senior,Sydney,USD,68000
9,Data scientist,Full Time,Senior,San Francisco,USD,140000
10,Data scientist,Full Time,Senior,Sofia,USD,68000
12,Data scientist,Full Time,Entry,BangPa-in,USD,35000
15,Data scientist,Full Time,Senior,Berlin,USD,68000
17,Data scientist,Full Time,Senior,NAMER,USD,68000
18,Data scientist,Full Time,Senior,Remote,USD,68000
20,Data scientist,Full Time,Senior,San Jose,USD,68000
22,Data scientist,Full Time,Senior,Petaling Jaya,USD,55000
23,Data scientist,Full Time,Senior,Englewood,USD,68000
24,Data scientist,Full Time,Senior,Pune,USD,68000
25,Data scientist,Full Time,Senior,London,USD,68000
26,Data scientist,Full Time,Mid,Remote,USD,40000
27,Data scientist,Full Time,Entry,Paris,USD,36000
28,Data scientist,Internship,Entry,Paris,USD,36000
30,Data scientist,Full Time,Mid,Gothenburg,USD,40000
31,Data scientist,Internship,Entry,Mountain View,USD,56000
32,Data scientist,Full Time,Executive,San Francisco,USD,130000
34,Data scientist,Full Time,Senior,San Jose,USD,68000
35,Data scientist,Full Time,Senior,Porto,USD,56000
36,Data scientist,Internship,Entry,Mountain View,USD,56000
37,Data scientist,Full Time,Senior,Ontario,USD,68000
38,Data scientist,Full Time,Senior,Brooklyn,USD,104000
40,Data scientist,Full Time,Mid,Sydney,USD,62000
41,Data scientist,Full Time,Senior,Remote- US,USD,150000
42,Data scientist,Full Time,Senior,Cambridge,USD,68000
44,Data scientist,Full Time,Mid,La Libertad,USD,40000
45,Data scientist,Full Time,Senior,San Francisco,USD,161000
47,Data scientist,Full Time,Senior,London,USD,68000
48,Data scientist,Full Time,Senior,Lithuania | UK,USD,68000
50,Data scientist,Full Time,Senior,Chicago,USD,68000
51,Data scientist,Full Time,Senior,Remote,USD,68000
52,Data scientist,Full Time,Senior,Remote- US,USD,150000
53,Data scientist,Full Time,Mid,United Kingdom - Remote,USD,40000
55,Data scientist,Full Time,Senior,Santiago,USD,68000
57,Data scientist,Full Time,Senior,Nairobi,USD,68000
60,Data scientist,Full Time,Mid,Luxembourg,USD,40000
61,Data scientist,Full Time,Senior,San Francisco OR Remote US Canada,USD,68000
62,Data scientist,Full Time,Senior,Paris,USD,68000
63,Data scientist,Full Time,Mid,Lyon,USD,40000
64,Data scientist,Full Time,Senior,Montreal,USD,56000
65,Data scientist,Full Time,Senior,Remote,USD,68000
66,Data scientist,Full Time,Entry,Princeton,USD,74000
67,Data scientist,Full Time,Mid,California,USD,40000
68,Data scientist,Full Time,Senior,Athens,USD,68000
69,Data scientist,Internship,Senior,London,USD,56000
70,Data scientist,Full Time,Entry,Charenton-Le-Pont,USD,36000
72,Data scientist,Full Time,Senior,San Francisco,USD,68000
73,Data scientist,Full Time,Senior,Aberdeen,USD,68000
75,Data scientist,Full Time,Mid,Brampton,USD,40000
78,Data scientist,Full Time,Senior,Salt Lake City,USD,68000
79,Data scientist,Full Time,Mid,Munich,USD,40000
80,Data scientist,Full Time,Mid,Oslo,USD,40000
81,Data scientist,Full Time,Senior,Basel,USD,68000
82,Data scientist,Full Time,Mid,Düsseldorf,USD,40000
83,Data scientist,Full Time,Entry,Paris,USD,36000
84,Data scientist,Full Time,Senior,Madrid,EUR,36000
85,Data scientist,Full Time,Mid,Austin,USD,40000
86,Data scientist,Full Time,Mid,Dallas,USD,40000
88,Data scientist,Full Time,Senior,Warsaw,USD,120000
89,Data scientist,Full Time,Mid,Houston,USD,40000
90,Data scientist,Full Time,Senior,Hyderabad,USD,68000
92,Data scientist,Full Time,Senior,Sofia,USD,68000
93,Data scientist,Full Time,Senior,Boston,USD,110000
94,Data scientist,Full Time,Senior,Paris,USD,68000
95,Data scientist,Full Time,Senior,Zurich,USD,68000
96,Data scientist,Full Time,Senior,London,USD,68000
97,Data scientist,Full Time,Senior,London,USD,68000
98,Data scientist,Full Time,Senior,New York City,USD,81000
99,Data scientist,Full Time,Entry,Palaiseau,USD,36000
100,Data scientist,Full Time,Entry,Burnaby,USD,36000
102,Data scientist,Full Time,Senior,Lisbon,USD,68000
103,Data scientist,Full Time,Senior,Tel Aviv-Yafo,USD,68000
104,Data scientist,Full Time,Mid,United Kingdom - Remote,USD,40000
105,Data scientist,Full Time,Senior,United States,USD,152000
106,Data scientist,Full Time,Mid,Toronto,USD,40000
107,Data scientist,Full Time,Senior,Indianapolis,USD,68000
109,Data scientist,Full Time,Mid,Athens,USD,51000
111,Data scientist,Full Time,Mid,New York City,USD,40000
112,Data scientist,Full Time,Senior,New York,USD,95000
113,Data scientist,Full Time,Senior,London,USD,68000
115,Data scientist,Full Time,Mid,Dayton,USD,40000
116,Data scientist,Full Time,Senior,Seoul,USD,68000
117,Data scientist,Full Time,Entry,Glasgow,USD,36000
118,Data scientist,Full Time,Mid,Emeryville,USD,135000
120,Data scientist,Full Time,Entry,Massy - France,USD,36000
121,Data scientist,Full Time,Senior,San Francisco,USD,68000
123,Data scientist,Full Time,Mid,Paris,EUR,50000
125,Data scientist,Full Time,Senior,Belo Horizonte,USD,68000
127,Data scientist,Full Time,Senior,Oakville,USD,68000
130,Data scientist,Full Time,Senior,Midrand,USD,68000
131,Data scientist,Full Time,Mid,Roppongi,USD,40000
132,Data scientist,Full Time,Senior,Solna,USD,68000
133,Data scientist,Full Time,Senior,Santa Clara,USD,68000
134,Data scientist,Full Time,Mid,Emeryville,USD,120000
137,Data scientist,Full Time,Senior,Boston,USD,68000
139,Data scientist,Full Time,Entry,Calabasas,USD,120000
141,Data scientist,Full Time,Senior,Bangkok,USD,68000
142,Data scientist,Full Time,Senior,London,USD,68000
143,Data scientist,Full Time,Mid,Ahmedabad,USD,40000
144,Data scientist,Full Time,Senior,Lisbon,USD,68000
145,Data scientist,Full Time,Entry,Roppongi,USD,56000
146,Data scientist,Full Time,Senior,Remote,USD,68000
147,Data scientist,Full Time,Senior,Brooklyn,USD,196000
148,Data scientist,Full Time,Senior,Dallas,USD,68000
149,Data scientist,Full Time,Senior,New York City,USD,125000
150,Data scientist,Full Time,Entry,Lisboa,USD,36000
151,Data scientist,Full Time,Senior,Markham,USD,68000
152,Data scientist,Full Time,Senior,Athina,USD,68000
153,Data scientist,Full Time,Mid,London,USD,40000
154,Data scientist,Full Time,Mid,Berlin,USD,40000
155,Data scientist,Full Time,Senior,Chicago,USD,68000
156,Data scientist,Full Time,Entry,Norfolk,USD,36000
157,Data scientist,Full Time,Senior,Boston,USD,68000
158,Data scientist,Full Time,Senior,Remote (DC),USD,68000
159,Data scientist,Full Time,Senior,Bengaluru,USD,68000
160,Data scientist,Full Time,Senior,Tel Aviv-Yafo,USD,68000
161,Data scientist,Full Time,Mid,Houston,USD,40000
162,Data scientist,Full Time,Senior,Seattle,USD,68000
163,Data scientist,Full Time,Senior,Norfolk,USD,68000
164,Data scientist,Full Time,Senior,Belfast,USD,68000
165,Data scientist,Full Time,Senior,Toronto,USD,68000
166,Data scientist,Full Time,Mid,Toronto,USD,40000
167,Data scientist,Full Time,Senior,Remote - United States,USD,68000
168,Data scientist,Full Time,Entry,Toronto,USD,36000
169,Data scientist,Full Time,Senior,Tampa,USD,68000
170,Data scientist,Full Time,Senior,Berlin,USD,68000
171,Data scientist,Full Time,Mid,Düsseldorf,USD,40000
172,Data scientist,Full Time,Senior,Düsseldorf,USD,68000
174,Data scientist,Full Time,Entry,Amsterdam,USD,36000
175,Data scientist,Full Time,Senior,Amsterdam,USD,68000
177,Data scientist,Full Time,Mid,Munich,USD,40000
178,Data scientist,Full Time,Mid,Lyon,USD,51000
179,Data scientist,Full Time,Senior,Basel,USD,68000
180,Data scientist,Full Time,Mid,Oslo,USD,40000
181,Data scientist,Full Time,Senior,Longueuil,USD,68000
182,Data scientist,Full Time,Senior,Glattbrugg,USD,56000
183,Data scientist,Full Time,Senior,New York City,USD,70000
184,Data scientist,Full Time,Senior,Atlanta,USD,120000
185,Data scientist,Full Time,Senior,Toronto,USD,68000
186,Data scientist,Full Time,Mid,Barcelona,USD,40000
187,Data scientist,Full Time,Mid,London,USD,51000
188,Data scientist,Full Time,Senior,Madrid,EUR,36000
189,Data scientist,Full Time,Mid,Abu Dhabi,USD,51000
190,Data scientist,Full Time,Mid,Berlin,USD,40000
191,Data scientist,Full Time,Senior,Fort Bragg,USD,68000
192,Data scientist,Full Time,Senior,Remote - US,USD,68000
193,Data scientist,Full Time,Senior,San Francisco,USD,129000
194,Data scientist,Full Time,Mid,Singapore,USD,51000
195,Data scientist,Full Time,Senior,Toronto,USD,68000
197,Data scientist,Full Time,Senior,Berlin,USD,120000
198,Data scientist,Full Time,Mid,London,USD,40000
199,Data scientist,Full Time,Mid,Brampton,USD,40000
200,Data scientist,Full Time,Senior,UK,USD,68000
201,Data scientist,Full Time,Senior,Aarhus,USD,68000
203,Data scientist,Full Time,Senior,Canada,USD,68000
205,Data scientist,Full Time,Mid,Remote,USD,115000
206,Data scientist,Full Time,Senior,Berlin,USD,120000
207,Data scientist,Full Time,Senior,Redwood City,USD,68000
208,Data scientist,Full Time,Senior,Berlin,USD,68000
209,Data scientist,Full Time,Mid,Paris,USD,40000
210,Data scientist,Full Time,Entry,Burnaby,USD,36000
212,Data scientist,Full Time,Senior,Remote - United States,USD,56000
213,Data scientist,Full Time,Senior,Remote - US,USD,68000
215,Data scientist,Full Time,Senior,India,USD,68000
216,Data scientist,Full Time,Senior,Remote,USD,68000
217,Data scientist,Full Time,Senior,Heredia,USD,68000
218,Data scientist,Full Time,Senior,Jealott's Hill,USD,68000
219,Data scientist,Full Time,Mid,Mountain View,USD,90000
220,Data scientist,Full Time,Senior,Miami - will also consider remote in …,USD,68000
221,Data scientist,Full Time,Senior,Porto,USD,68000
222,Data scientist,Full Time,Senior,Tel Aviv,USD,68000
223,Data scientist,Full Time,Mid,West Jakarta,USD,40000
224,Data scientist,Internship,Entry,Paris,USD,36000
225,Data scientist,Full Time,Entry,Montreal,USD,36000
226,Data scientist,Full Time,Mid,Berlin,EUR,58000
228,Data scientist,Internship,Mid,United States - Remote,USD,62000
231,Data scientist,Full Time,Senior,Toronto,USD,68000
233,Data scientist,Full Time,Senior,Remote,USD,132000
234,Data scientist,Full Time,Entry,North Reading,USD,56000
236,Data scientist,Full Time,Senior,London,USD,68000
237,Data scientist,Full Time,Entry,Sunnyvale,USD,36000
238,Data scientist,Full Time,Senior,London,USD,68000
239,Data scientist,Full Time,Mid,Dallas,USD,40000
240,Data scientist,Full Time,Senior,Boston,USD,68000
241,Data scientist,Full Time,Mid,Suitland-Silver Hill,USD,51000
242,Data scientist,Full Time,Entry,Paris,USD,36000
243,Data scientist,Full Time,Senior,Chicago,USD,68000
244,Data scientist,Full Time,Senior,London,USD,68000
245,Data scientist,Full Time,Senior,Hamburg,USD,68000
246,Data scientist,Full Time,Senior,Remote,USD,68000
247,Data scientist,Full Time,Senior,London,USD,68000
248,Data scientist,Full Time,Mid,Bang Kapi District,USD,40000
249,Data scientist,Full Time,Senior,London,USD,68000
250,Data scientist,Full Time,Senior,Remote job,USD,68000
251,Data scientist,Full Time,Senior,Tel Aviv,USD,68000
252,Data scientist,Full Time,Senior,Remote job,USD,68000
253,Data scientist,Full Time,Senior,Amsterdam,USD,120000
254,Data scientist,Full Time,Mid,København,USD,40000
255,Data scientist,Full Time,Senior,Cincinnati,USD,68000
256,Data scientist,Full Time,Senior,Dallas,USD,68000
257,Data scientist,Full Time,Senior,Singapore,USD,56000
258,Data scientist,Full Time,Senior,Stockholm,USD,68000
259,Data scientist,Full Time,Senior,Longueuil,USD,68000
260,Data scientist,Full Time,Senior,Renningen,USD,56000
261,Data scientist,Full Time,Entry,Paris,USD,36000
262,Data scientist,Full Time,Entry,Paris,USD,36000
263,Data scientist,Full Time,Senior,New York City,USD,120000
264,Data scientist,Full Time,Senior,Berlin,USD,68000
265,Data scientist,Full Time,Senior,Atlanta,USD,68000
266,Data scientist,Full Time,Senior,Bangkok,USD,68000
268,Data scientist,Full Time,Senior,Bangkok,USD,63000
269,Data scientist,Full Time,Senior,USA (remote),USD,68000
270,Data scientist,Full Time,Senior,New York,USD,145000
271,Data scientist,Full Time,Senior,New York City - Boston,USD,68000
272,Data scientist,Full Time,Mid,New York City,USD,40000
273,Data scientist,Full Time,Mid,Bangkok,USD,51000
274,Data scientist,Full Time,Mid,Brampton,USD,40000
275,Data scientist,Full Time,Senior,Seattle,USD,56000
276,Data scientist,Full Time,Mid,Hong Kong,USD,40000
277,Data scientist,Full Time,Senior,San Francisco,USD,129000
279,Data scientist,Full Time,Mid,Emeryville,USD,120000
281,Data scientist,Full Time,Entry,Berlin,USD,36000
282,Data scientist,Full Time,Senior,San Mateo,USD,68000
284,Data scientist,Full Time,Senior,Santa Clara,USD,68000
285,Data scientist,Full Time,Mid,Berlin,USD,40000
286,Data scientist,Full Time,Mid,Málaga,USD,40000
287,Data scientist,Full Time,Senior,Bangkok,USD,63000
289,Data scientist,Full Time,Senior,Madrid,USD,68000
292,Data scientist,Full Time,Mid,France - Remote,USD,40000
293,Data scientist,Full Time,Senior,Herndon,USD,122000
295,Data scientist,Full Time,Senior,Madrid,EUR,36000
296,Data scientist,Full Time,Mid,Porto,USD,40000
297,Data scientist,Full Time,Senior,Toronto,USD,120000
299,Data scientist,Full Time,Mid,Brussels,USD,40000
300,Data scientist,Full Time,Mid,Spain - Remote,USD,40000
301,Data scientist,Full Time,Senior,Helsinki,USD,68000
302,Data scientist,Full Time,Mid,Fort Belvoir,USD,40000
303,Data scientist,Internship,Senior,San Jose,USD,56000
305,Data scientist,Full Time,Mid,London,USD,40000
307,Data scientist,Full Time,Senior,San Francisco,USD,68000
308,Data scientist,Full Time,Mid,Utrecht,USD,40000
309,Data scientist,Full Time,Mid,Ireland - Remote,USD,40000
310,Data scientist,Full Time,Entry,Sunnyvale,USD,36000
311,Data scientist,Full Time,Mid,Dubai,USD,40000
314,Data scientist,Internship,Senior,Asia,USD,68000
315,Data scientist,Full Time,Senior,Ann Arbor,USD,68000
317,Data scientist,Full Time,Senior,New York City; San Francisco,USD,107000
318,Data scientist,Full Time,Senior,Remote,USD,68000
319,Data scientist,Full Time,Senior,Washington DC - will also consider remote …,USD,68000
321,Data scientist,Full Time,Senior,Canada,USD,68000
322,Data scientist,Full Time,Senior,Dubai,USD,68000
324,Data scientist,Full Time,Mid,Warsaw,USD,40000
325,Data scientist,Full Time,Mid,Lüneburg,USD,40000
326,Data scientist,Full Time,Entry,Saint-Denis,USD,36000
327,Data scientist,Full Time,Mid,Cambridge,USD,30000
328,Data scientist,Full Time,Mid,England,USD,40000
329,Data scientist,Full Time,Senior,Bengaluru,USD,68000
331,Data scientist,Full Time,Senior,Baar,USD,68000
332,Data scientist,Full Time,Senior,Indianapolis,USD,68000
333,Data scientist,Full Time,Senior,Ottawa,USD,68000
334,Data scientist,Full Time,Senior,Palo Alto,USD,56000
337,Data scientist,Full Time,Senior,Flexible,USD,68000
338,Data scientist,Full Time,Senior,Santiago de Querétaro,USD,68000
339,Data scientist,Full Time,Mid,London,USD,40000
340,Data scientist,Full Time,Entry,Remote,USD,36000
341,Data scientist,Full Time,Senior,New York City,USD,81000
342,Data scientist,Full Time,Senior,Kraków,USD,68000
343,Data scientist,Full Time,Mid,United States - Remote,USD,40000
345,Data scientist,Internship,Entry,Paris,USD,36000
347,Data scientist,Full Time,Senior,Montreal,USD,68000
348,Data scientist,Full Time,Mid,Roppongi,USD,62000
349,Data scientist,Full Time,Senior,Valencia,USD,68000
351,Data scientist,Full Time,Senior,Berlin,USD,68000
352,Data scientist,Full Time,Mid,San Diego,USD,40000
353,Data scientist,Full Time,Senior,Berlin,USD,68000
354,Data scientist,Full Time,Senior,Remote,USD,68000
356,Data scientist,Full Time,Mid,Arlington,USD,40000
357,Data scientist,Full Time,Senior,San Francisco,USD,129000
358,Data scientist,Full Time,Senior,Brooklyn,USD,184000
359,Data scientist,Full Time,Mid,Milan,USD,40000
360,Data scientist,Full Time,Mid,Toronto,USD,40000
361,Data scientist,Internship,Mid,Bengaluru,USD,62000
362,Data scientist,Full Time,Senior,Enkhuizen,USD,68000
363,Data scientist,Full Time,Senior,Berlin,USD,68000
364,Data scientist,Full Time,Senior,Barcelona,USD,68000
365,Data scientist,Full Time,Senior,Brooklyn,USD,104000
366,Data scientist,Full Time,Senior,Berlin,USD,68000
367,Data scientist,Full Time,Senior,Madrid,USD,56000
368,Data scientist,Full Time,Entry,Vienna,USD,36000
369,Data scientist,Full Time,Senior,Brooklyn,USD,130000
370,Data scientist,Full Time,Mid,Spain - Remote,USD,40000
371,Data scientist,Full Time,Mid,Dallas,USD,40000
372,Data scientist,Full Time,Senior,Mountain View,USD,68000
373,Data scientist,Full Time,Senior,Seattle,USD,68000
374,Data scientist,Full Time,Mid,Bordeaux,USD,40000
375,Data scientist,Full Time,Senior,Tel Aviv-Yafo,USD,68000
376,Data scientist,Full Time,Mid,Roppongi,USD,62000
377,Data scientist,Full Time,Senior,Warsaw,USD,68000
379,Data scientist,Full Time,Senior,Irving,USD,68000
381,Data scientist,Full Time,Senior,Warsaw,USD,56000
382,Data scientist,Full Time,Mid,Chelmsford,USD,87000
383,Data scientist,Full Time,Mid,Paris,USD,40000
384,Data scientist,Full Time,Senior,Dallas,USD,68000
385,Data scientist,Internship,Senior,Chicago,USD,68000
386,Data scientist,Full Time,Senior,Mountain View,USD,56000
387,Data scientist,Full Time,Senior,Berlin,USD,68000
388,Data scientist,Internship,Senior,United States,USD,68000
389,Data scientist,Full Time,Senior,Palo Alto,USD,68000
391,Data scientist,Full Time,Mid,Malmö,USD,40000
392,Data scientist,Full Time,Mid,Bengaluru,USD,38000
393,Data scientist,Full Time,Mid,London,USD,38000
394,Data scientist,Full Time,Senior,Hyderabad,USD,68000
395,Data scientist,Full Time,Senior,Bengaluru,USD,68000
397,Data scientist,Full Time,Senior,Berlin,USD,68000
398,Data scientist,Full Time,Senior,San Francisco,USD,68000
401,Data scientist,Full Time,Senior,Cape Town,USD,68000
402,Data scientist,Full Time,Senior,London,USD,68000
405,Data scientist,Full Time,Entry,Belgrade,USD,36000
407,Data scientist,Full Time,Senior,Chantilly,USD,68000
408,Data scientist,Full Time,Senior,Irving,USD,68000
410,Data scientist,Full Time,Senior,Brooklyn,USD,196000
411,Data scientist,Full Time,Mid,Málaga,USD,38000
412,Data scientist,Full Time,Senior,Brooklyn,USD,184000
413,Data scientist,Full Time,Mid,Bühl,USD,38000
415,Data scientist,Full Time,Senior,Mountain View,USD,68000
416,Data scientist,Full Time,Senior,Remote or San Francisco HQ,USD,196000
417,Data scientist,Full Time,Senior,Oakville,USD,68000
418,Data scientist,Full Time,Senior,Chennai,USD,68000
419,Data scientist,Full Time,Mid,Houston,USD,38000
420,Data scientist,Full Time,Senior,New York City,USD,68000
421,Data scientist,Full Time,Senior,Remote (within United States),USD,68000
422,Data scientist,Full Time,Senior,Los Gatos,USD,56000
423,Data scientist,Full Time,Mid,Houston,USD,38000
424,Data scientist,Full Time,Senior,Boston,USD,127000
425,Data scientist,Full Time,Senior,Jealott's Hill,USD,56000
426,Data scientist,Full Time,Mid,Greenville,USD,38000
427,Data scientist,Full Time,Senior,San Jose,USD,56000
428,Data scientist,Full Time,Senior,San Diego,USD,68000
429,Data scientist,Full Time,Mid,Austin,USD,38000
432,Data scientist,Full Time,Senior,Seoul,USD,68000
433,Data scientist,Full Time,Senior,San Francisco,USD,68000
436,Data scientist,Full Time,Mid,Lüneburg,USD,38000
440,Data scientist,Full Time,Senior,London,USD,68000
441,Data scientist,Full Time,Senior,Brooklyn,USD,184000
442,Data scientist,Full Time,Senior,San Francisco,USD,129000
443,Data scientist,Full Time,Senior,Austin,USD,68000
444,Data scientist,Full Time,Senior,Madrid,EUR,36000
445,Data scientist,Full Time,Senior,Berlin,USD,68000
446,Data scientist,Full Time,Entry,Saint-Denis,USD,36000
448,Data scientist,Full Time,Senior,Philadelphia,USD,129000
449,Data scientist,Full Time,Senior,Morrisville,USD,185000
450,Data scientist,Full Time,Senior,U.S. Remote,USD,68000
452,Data scientist,Full Time,Senior,Sunnyvale,USD,56000
453,Data scientist,Full Time,Senior,San Francisco,USD,68000
454,Data scientist,Full Time,Entry,Arlington,USD,36000
455,Data scientist,Full Time,Senior,Lexington,USD,68000
456,Data scientist,Full Time,Senior,Sunnyvale,USD,56000
457,Data scientist,Full Time,Senior,London,USD,68000
459,Data scientist,Full Time,Senior,Remote (California,USD,135000
460,Data scientist,Full Time,Mid,Düsseldorf,USD,38000
463,Data scientist,Full Time,Senior,United States,USD,93000
464,Data scientist,Full Time,Mid,Homestead,USD,38000
465,Data scientist,Full Time,Entry,Bourdeaux,USD,36000
467,Data scientist,Full Time,Senior,Boston,USD,129000
469,Data scientist,Full Time,Senior,London,USD,68000
470,Data scientist,Full Time,Senior,Bangkok,USD,46000
471,Data scientist,Internship,Entry,Santa Clara,USD,36000
472,Data scientist,Full Time,Senior,Santa Clara,USD,68000
473,Data scientist,Full Time,Mid,London,USD,38000
475,Data scientist,Full Time,Senior,Taipei,USD,68000
476,Data scientist,Full Time,Senior,Paris or Remote from France,USD,68000
477,Data scientist,Full Time,Mid,Berlin,USD,38000
478,Data scientist,Full Time,Senior,Palo Alto,USD,56000
479,Data scientist,Full Time,Senior,San Francisco,USD,156000
480,Data scientist,Full Time,Senior,Dallas,USD,68000
481,Data scientist,Full Time,Senior,Helsinki,USD,68000
482,Data scientist,Full Time,Mid,Munich,USD,38000
483,Data scientist,Full Time,Senior,San Francisco,USD,129000
484,Data scientist,Full Time,Senior,Denver,USD,134000
489,Data scientist,Full Time,Senior,San Francisco,USD,172000
490,Data scientist,Full Time,Mid,Poznań,USD,38000
491,Data scientist,Full Time,Senior,Bangkok,USD,46000
493,Data scientist,Full Time,Mid,United Kingdom - Remote,USD,38000
494,Data scientist,Full Time,Mid,Bangkok,USD,51000
496,Data scientist,Full Time,Senior,Bengaluru,USD,68000
497,Data scientist,Full Time,Mid,South Jakarta,USD,38000
500,Data analyst,Full Time,Senior,Copenhagen,USD,62000
501,Data analyst,Full Time,Mid,Cluj,USD,51000
503,Data analyst,Full Time,Senior,Stuttgart,USD,62000
504,Data analyst,Full Time,Mid,Papendrecht,USD,51000
506,Data analyst,Full Time,Senior,Berlin,USD,63000
507,Data analyst,Full Time,Entry,Sarasota,USD,48000
509,Data analyst,Full Time,Senior,Jakarta,USD,63000
510,Data analyst,Full Time,Senior,Chicago,USD,63000
512,Data analyst,Full Time,Senior,Lexington,USD,63000
513,Data analyst,Full Time,Senior,Remote job,USD,63000
514,Data analyst,Full Time,Mid,Barcelona,USD,51000
515,Data analyst,Full Time,Mid,Bogotá,USD,45000
518,Data analyst,Full Time,Senior,United States,USD,76000
519,Data analyst,Full Time,Mid,Bracknell,USD,51000
521,Data analyst,Full Time,Senior,San Francisco,USD,140000
522,Data analyst,Full Time,Entry,London,USD,30000
523,Data analyst,Full Time,Senior,Remote,USD,63000
524,Data analyst,Full Time,Entry,Sandton,USD,30000
525,Data analyst,Full Time,Entry,Houston,USD,30000
526,Data analyst,Full Time,Senior,Dublin,USD,62000
527,Data analyst,Full Time,Mid,Bengaluru,USD,51000
529,Data analyst,Full Time,Senior,Washington,USD,81000
531,Data analyst,Full Time,Entry,Boston,USD,30000
532,Data analyst,Full Time,Senior,Atlanta,USD,110000
533,Data analyst,Full Time,Entry,Bogota,USD,30000
535,Data analyst,Full Time,Senior,London,USD,63000
536,Data analyst,Full Time,Mid,Boulogne-Billancourt,USD,51000
537,Data analyst,Full Time,Senior,Madrid,EUR,38000
539,Data analyst,Full Time,Executive,Kampala,USD,46000
540,Data analyst,Full Time,Mid,London,GBP,45000
543,Data analyst,Full Time,Senior,Boston,USD,63000
544,Data analyst,Full Time,Senior,Remote,USD,123000
547,Data analyst,Full Time,Senior,Somerville,USD,63000
549,Data analyst,Full Time,Senior,Kirkland,USD,63000
550,Data analyst,Full Time,Senior,Boston - Remote,USD,63000
551,Data analyst,Full Time,Senior,Munich,USD,62000
553,Data analyst,Full Time,Executive,Remote,USD,141000
555,Data analyst,Full Time,Senior,London,USD,63000
557,Data analyst,Internship,Senior,Tampa,USD,63000
561,Data analyst,Full Time,Senior,Washington,USD,81000
562,Data analyst,Full Time,Mid,Riga,USD,51000
564,Data analyst,Full Time,Entry,Mexico City,USD,30000
566,Data analyst,Full Time,Senior,East Windsor,USD,63000
567,Data analyst,Full Time,Senior,Remote- US,USD,100000
568,Data analyst,Full Time,Senior,Remote,USD,127000
569,Data analyst,Full Time,Senior,Brooklyn,USD,104000
570,Data analyst,Full Time,Senior,West Palm Beach,USD,63000
572,Data analyst,Full Time,Mid,Monterrey,USD,51000
574,Data analyst,Full Time,Senior,Remote- US,USD,225000
575,Data analyst,Full Time,Entry,Stuttgart,USD,30000
579,Data analyst,Full Time,Senior,Medellín,USD,63000
580,Data analyst,Full Time,Senior,Berlin,USD,63000
581,Data analyst,Full Time,Senior,Campinas,USD,63000
584,Data analyst,Full Time,Mid,London,USD,51000
585,Data analyst,Full Time,Mid,Charlotte,USD,51000
586,Data analyst,Full Time,Senior,Campinas,USD,63000
589,Data analyst,Full Time,Senior,Tel-Aviv,USD,63000
590,Data analyst,Full Time,Mid,Cape Town,USD,51000
591,Data analyst,Full Time,Senior,San Francisco,USD,104000
592,Data analyst,Full Time,Senior,Brazil - Remote,USD,63000
593,Data analyst,Full Time,Mid,Newbury,GBP,45000
596,Data analyst,Full Time,Entry,Boulogne-Billancourt,USD,30000
598,Data analyst,Full Time,Senior,Brazil,USD,63000
600,Data analyst,Full Time,Entry,Paris or Remote from France,USD,30000
603,Data analyst,Full Time,Senior,Remote job,USD,63000
604,Data analyst,Full Time,Mid,Brussels,USD,51000
606,Data analyst,Full Time,Mid,Stanford,USD,51000
608,Data analyst,Full Time,Mid,Sector 62,USD,51000
609,Data analyst,Full Time,Senior,Mount Laurel Township,USD,63000
610,Data analyst,Full Time,Senior,Manila,USD,63000
611,Data analyst,Full Time,Senior,Bangkok,USD,63000
612,Data analyst,Full Time,Senior,United States,USD,63000
613,Data analyst,Full Time,Senior,Stuttgart,USD,63000
615,Data analyst,Full Time,Mid,Denver,USD,51000
616,Data analyst,Full Time,Senior,London,USD,63000
619,Data analyst,Full Time,Senior,Sydney,USD,63000
620,Data analyst,Full Time,Entry,Barcelona,USD,30000
622,Data analyst,Full Time,Entry,Katowice,USD,30000
625,Data analyst,Full Time,Senior,Montreal,USD,63000
627,Data analyst,Full Time,Mid,London,USD,51000
628,Data analyst,Full Time,Senior,Remote job,USD,63000
629,Data analyst,Full Time,Senior,East Windsor,USD,63000
631,Data analyst,Full Time,Senior,São Paulo,USD,76000
632,Data analyst,Full Time,Senior,Iași,USD,63000
633,Data analyst,Full Time,Senior,Chantilly,USD,119000
635,Data analyst,Full Time,Senior,Makati,USD,63000
636,Data analyst,Full Time,Senior,Remote - United States,USD,63000
637,Data analyst,Full Time,Entry,Stuttgart,USD,30000
638,Data analyst,Full Time,Senior,Remote - United States,USD,63000
639,Data analyst,Full Time,Senior,London,USD,63000
640,Data analyst,Full Time,Senior,Raleigh,USD,63000
641,Data analyst,Full Time,Senior,Charenton-Le-Pont,USD,63000
642,Data analyst,Full Time,Mid,London,USD,51000
643,Data analyst,Full Time,Senior,Barcelona,USD,63000
645,Data analyst,Full Time,Mid,Brampton,USD,51000
646,Data analyst,Full Time,Executive,Chennai,USD,46000
648,Data analyst,Full Time,Senior,Chennai,USD,63000
649,Data analyst,Full Time,Senior,UK,USD,63000
652,Data analyst,Full Time,Mid,Colorado Springs,USD,100000
655,Data analyst,Full Time,Entry,Porto,USD,30000
660,Data analyst,Full Time,Senior,New York City,USD,95000
662,Data analyst,Internship,Senior,Paris,USD,63000
663,Data analyst,Full Time,Entry,Overland Park,USD,30000
665,Data analyst,Full Time,Mid,London,USD,51000
667,Data analyst,Full Time,Senior,Washington,USD,81000
668,Data analyst,Full Time,Mid,Seattle,USD,51000
669,Data analyst,Full Time,Senior,Hamburg,USD,63000
670,Data analyst,Full Time,Entry,Pyrmont,USD,30000
671,Data analyst,Full Time,Mid,Philadelphia,USD,51000
676,Data analyst,Full Time,Senior,Helsinki,USD,63000
677,Data analyst,Full Time,Senior,Richardson,USD,63000
678,Data analyst,Full Time,Entry,Downers Grove,USD,30000
680,Data analyst,Full Time,Mid,Chicago,USD,51000
683,Data analyst,Full Time,Senior,Pittsburgh,USD,63000
688,Data analyst,Full Time,Senior,United States,USD,152000
689,Data analyst,Full Time,Executive,Remote,USD,41000
692,Data analyst,Full Time,Senior,Tel Aviv,USD,63000
697,Data analyst,Full Time,Mid,Athens,USD,51000
698,Data analyst,Full Time,Mid,Bengaluru,USD,51000
699,Data analyst,Full Time,Mid,New York City,USD,40000
702,Data analyst,Full Time,Senior,United States,USD,125000
705,Data analyst,Full Time,Senior,Wilmington,USD,63000
707,Data analyst,Full Time,Senior,Indianapolis,USD,55000
708,Data analyst,Full Time,Mid,Arlington,USD,51000
709,Data analyst,Full Time,Entry,High Wycombe,USD,30000
711,Data analyst,Full Time,Senior,Singapore,USD,63000
712,Data analyst,Full Time,Mid,Paris,USD,51000
713,Data analyst,Full Time,Mid,United Kingdom - Remote,USD,51000
714,Data analyst,Full Time,Senior,Berlin,USD,94000
715,Data analyst,Full Time,Entry,Lyon,USD,30000
717,Data analyst,Full Time,Entry,Heredia,USD,30000
720,Data analyst,Full Time,Entry,Downers Grove,USD,30000
721,Data analyst,Full Time,Mid,Monterrey,USD,51000
722,Data analyst,Full Time,Senior,Remote,USD,70000
724,Data analyst,Full Time,Senior,Remote,USD,140000
726,Data analyst,Full Time,Mid,Roppongi,USD,51000
728,Data analyst,Full Time,Senior,London,USD,63000
729,Data analyst,Full Time,Entry,Milan,USD,30000
730,Data analyst,Full Time,Senior,Porto,USD,63000
731,Data analyst,Full Time,Senior,United States,USD,63000
732,Data analyst,Full Time,Senior,Campinas,USD,63000
733,Data analyst,Full Time,Mid,Munich,USD,51000
735,Data analyst,Full Time,Mid,Pune,USD,51000
736,Data analyst,Full Time,Mid,London,USD,51000
737,Data analyst,Full Time,Senior,North Macedonia,USD,63000
740,Data analyst,Full Time,Entry,Carquefou,USD,30000
741,Data analyst,Full Time,Senior,Bangkok,USD,68000
743,Data analyst,Full Time,Mid,Chiasso,USD,51000
744,Data analyst,Full Time,Senior,Seattle,USD,63000
747,Data analyst,Full Time,Senior,Seoul,USD,63000
748,Data analyst,Full Time,Entry,Bucharest,USD,30000
749,Data analyst,Full Time,Mid,United Kingdom - Remote,USD,51000
750,Data analyst,Full Time,Mid,Angeles,USD,51000
753,Data analyst,Internship,Entry,Singapore,USD,30000
754,Data analyst,Full Time,Senior,Palta Cyprus,USD,63000
755,Data analyst,Full Time,Senior,Remote - United States,USD,63000
758,Data analyst,Full Time,Entry,Muntinlupa,USD,30000
760,Data analyst,Internship,Entry,Lausanne,USD,30000
762,Data analyst,Full Time,Senior,Remote,USD,63000
763,Data analyst,Full Time,Senior,Remote - United States,USD,89000
765,Data analyst,Full Time,Mid,Europe,USD,51000
766,Data analyst,Full Time,Entry,Cape Town,USD,30000
770,Data analyst,Full Time,Senior,Seattle,USD,68000
771,Data analyst,Full Time,Entry,Buenos Aires,USD,30000
773,Data analyst,Full Time,Executive,Bengaluru,USD,41000
774,Data analyst,Full Time,Senior,Iași,USD,63000
775,Data analyst,Full Time,Mid,Toronto,USD,40000
777,Data analyst,Full Time,Mid,Kingston,USD,51000
778,Data analyst,Full Time,Senior,Barcelona,USD,63000
779,Data analyst,Full Time,Mid,Lyon,USD,51000
780,Data analyst,Full Time,Entry,Paris,USD,30000
781,Data analyst,Full Time,Entry,Austin,USD,30000
784,Data analyst,Full Time,Senior,London,USD,63000
786,Data analyst,Full Time,Senior,Berlin,USD,63000
787,Data analyst,Full Time,Senior,Nanterre,USD,63000
788,Data analyst,Full Time,Senior,Remote - US; Remote - Canada,USD,101000
792,Data analyst,Full Time,Mid,London,USD,51000
793,Data analyst,Full Time,Mid,Ciudad de México,USD,51000
795,Data analyst,Full Time,Mid,London,USD,51000
797,Data analyst,Full Time,Senior,Philadelphia,USD,63000
800,Data analyst,Full Time,Mid,Abu Dhabi,USD,51000
803,Data analyst,Full Time,Senior,Atlanta,USD,63000
804,Data analyst,Full Time,Senior,Hanoi,USD,63000
805,Data analyst,Full Time,Senior,Amsterdam,USD,63000
806,Data analyst,Full Time,Mid,Colorado Springs,USD,100000
808,Data analyst,Full Time,Senior,Los Angeles,USD,63000
809,Data analyst,Full Time,Mid,Singapore,USD,51000
810,Data analyst,Full Time,Senior,Makati,USD,76000
811,Data analyst,Full Time,Entry,Paris,USD,30000
813,Data analyst,Full Time,Senior,Remote,USD,76000
814,Data analyst,Full Time,Senior,Arlington,USD,90000
815,Data analyst,Full Time,Senior,New York City,USD,70000
816,Data analyst,Full Time,Senior,Remote US,USD,63000
817,Data analyst,Full Time,Senior,Montreal,USD,63000
818,Data analyst,Full Time,Mid,Minato City,USD,51000
819,Data analyst,Full Time,Mid,Brampton,USD,51000
820,Data analyst,Full Time,Entry,Berchem,USD,30000
821,Data analyst,Full Time,Mid,Remote,USD,115000
822,Data analyst,Full Time,Mid,Barcelona,USD,51000
824,Data analyst,Full Time,Senior,London,GBP,57000
825,Data analyst,Full Time,Senior,Minneapolis,USD,96000
826,Data analyst,Full Time,Mid,Paris,USD,40000
827,Data analyst,Full Time,Senior,Englewood Cliffs,USD,70000
829,Data analyst,Full Time,Senior,San Francisco,USD,110000
830,Data analyst,Full Time,Entry,Tunis,USD,30000
831,Data analyst,Full Time,Mid,New York City,USD,124000
835,Data analyst,Full Time,Senior,Bengaluru,USD,63000
838,Data analyst,Full Time,Mid,Reno,USD,51000
840,Data analyst,Full Time,Mid,Paris,USD,51000
841,Data analyst,Full Time,Mid,Bengaluru,USD,51000
844,Data analyst,Full Time,Senior,Mexico City,USD,63000
847,Data analyst,Full Time,Entry,Hamburg,USD,30000
849,Data analyst,Full Time,Senior,India - Bengaluru,USD,63000
850,Data analyst,Full Time,Mid,Brazil - Remote,USD,51000
852,Data analyst,Full Time,Senior,New York,USD,70000
853,Data analyst,Full Time,Senior,Nottingham,USD,63000
854,Data analyst,Full Time,Senior,Malaysia - Kuala Lumpur,USD,63000
855,Data analyst,Full Time,Entry,Heredia,USD,30000
856,Data analyst,Full Time,Mid,United States - Remote,USD,51000
857,Data analyst,Full Time,Senior,East Windsor,USD,63000
862,Data analyst,Full Time,Mid,Reigate,USD,51000
865,Data analyst,Full Time,Executive,Hyderabad,USD,46000
866,Data analyst,Full Time,Senior,Paris,USD,63000
867,Data analyst,Full Time,Entry,West Point,USD,30000
868,Data analyst,Internship,Senior,Casa Grande,USD,63000
870,Data analyst,Full Time,Senior,Milan,USD,63000
872,Data analyst,Full Time,Senior,Paris,USD,63000
875,Data analyst,Full Time,Senior,Montreal,USD,63000
879,Data analyst,Full Time,Senior,Stevenage,USD,63000
881,Data analyst,Full Time,Senior,Miami - will also consider remote in …,USD,63000
882,Data analyst,Full Time,Mid,London,USD,51000
883,Data analyst,Full Time,Mid,Suitland-Silver Hill,USD,51000
884,Data analyst,Full Time,Mid,Boulder,USD,160000
886,Data analyst,Full Time,Senior,Atlanta,USD,63000
887,Data analyst,Full Time,Mid,Newcastle upon Tyne,USD,51000
888,Data analyst,Full Time,Mid,Boulder,USD,109000
889,Data analyst,Internship,Senior,Omaha,USD,63000
891,Data analyst,Full Time,Senior,Hamburg,USD,68000
893,Data analyst,Full Time,Entry,Lyon,USD,30000
895,Data analyst,Full Time,Entry,Mumbai,USD,30000
896,Data analyst,Full Time,Senior,Remote,USD,63000
897,Data analyst,Full Time,Senior,Stamford,USD,100000
898,Data analyst,Full Time,Senior,London,USD,63000
900,Data analyst,Full Time,Mid,Cork,USD,51000
901,Data analyst,Full Time,Entry,Singapore,USD,30000
902,Data analyst,Full Time,Senior,Sydney,USD,63000
903,Data analyst,Full Time,Entry,Bukit Jalil,USD,30000
905,Data analyst,Full Time,Senior,São Paulo,USD,63000
906,Data analyst,Full Time,Mid,Athens,USD,51000
907,Data analyst,Full Time,Entry,Lille,USD,30000
908,Data analyst,Full Time,Senior,London,USD,68000
912,Data analyst,Full Time,Mid,Colorado Springs,USD,100000
914,Data analyst,Full Time,Mid,Monterrey,USD,51000
915,Data analyst,Full Time,Senior,Stockholm,USD,63000
918,Data analyst,Full Time,Senior,London,USD,63000
919,Data analyst,Full Time,Senior,Bucharest,USD,63000
920,Data analyst,Full Time,Entry,Milwaukee,USD,30000
922,Data analyst,Full Time,Senior,São Paulo,USD,63000
923,Data analyst,Full Time,Senior,Nanterre,USD,63000
924,Data analyst,Full Time,Senior,Barcelona,USD,63000
926,Data analyst,Full Time,Senior,East Windsor,USD,63000
927,Data analyst,Full Time,Senior,Heredia,USD,63000
928,Data analyst,Full Time,Entry,Saint-Herblain,USD,30000
929,Data analyst,Full Time,Senior,Santa Clara,USD,130000
930,Data analyst,Full Time,Mid,Arlington,USD,51000
931,Data analyst,Full Time,Entry,Oslo,USD,30000
933,Data analyst,Full Time,Senior,Canada,USD,63000
934,Data analyst,Full Time,Senior,United States,USD,63000
936,Data analyst,Full Time,Entry,London,USD,30000
938,Data analyst,Full Time,Senior,Paris,USD,63000
939,Data analyst,Full Time,Mid,Paris,USD,51000
940,Data analyst,Full Time,Mid,Washington,USD,84000
941,Data analyst,Full Time,Senior,Santa Clara,USD,130000
942,Data analyst,Full Time,Mid,Warsaw,USD,51000
946,Data analyst,Full Time,Entry,Paris,USD,30000
947,Data analyst,Full Time,Mid,Bengaluru,USD,51000
948,Data analyst,Full Time,Senior,Liverpool,USD,63000
951,Data analyst,Full Time,Mid,Singapore,USD,51000
952,Data analyst,Full Time,Senior,Jakarta,USD,63000
953,Data analyst,Full Time,Senior,São Paulo,USD,63000
954,Data analyst,Full Time,Entry,London,USD,30000
955,Data analyst,Full Time,Entry,Remote job,USD,30000
956,Data analyst,Full Time,Senior,New York City,USD,110000
957,Data analyst,Full Time,Entry,Modena,USD,30000
958,Data analyst,Full Time,Mid,Aventura,USD,51000
959,Data analyst,Full Time,Mid,Fremont,USD,51000
962,Data analyst,Full Time,Senior,Amsterdam,USD,63000
963,Data analyst,Full Time,Senior,Bangkok,USD,63000
967,Data analyst,Full Time,Senior,Atlanta,USD,68000
968,Data analyst,Full Time,Entry,Barcelona,USD,30000
969,Data analyst,Full Time,Senior,Bangkok,USD,68000
970,Data analyst,Full Time,Senior,Poland,USD,63000
971,Data analyst,Full Time,Senior,London,USD,63000
972,Data analyst,Full Time,Senior,Bangkok,USD,63000
974,Data analyst,Full Time,Senior,USA (remote),USD,68000
975,Data analyst,Full Time,Senior,Bengaluru,USD,63000
977,Data analyst,Full Time,Mid,Bangkok,USD,51000
978,Data analyst,Full Time,Mid,London,USD,51000
979,Data analyst,Full Time,Senior,Bangkok,USD,63000
984,Data analyst,Full Time,Entry,India - Bengaluru,USD,30000
988,Data analyst,Full Time,Senior,Bengaluru,USD,63000
989,Data analyst,Full Time,Mid,Brampton,USD,51000
990,Data analyst,Full Time,Senior,Stockholm,USD,63000
992,Data analyst,Full Time,Mid,O'Fallon,USD,51000
994,Data analyst,Full Time,Mid,New York City,USD,140000
997,Data analyst,Full Time,Mid,Bengaluru,USD,51000
999,Data analyst,Full Time,Senior,United States,USD,110000
1000,Data analyst,Full Time,Mid,Richmond,USD,51000
1001,Data analyst,Full Time,Senior,Casa Grande,USD,63000
1002,Data analyst,Full Time,Mid,Southfield,USD,51000
1003,Data analyst,Full Time,Senior,Bangkok,USD,63000
1004,Data analyst,Full Time,Senior,London,USD,63000
1006,Data analyst,Full Time,Senior,West Palm Beach,USD,63000
1010,Data analyst,Full Time,Mid,İstanbul,USD,51000
1011,Data analyst,Full Time,Mid,Saint-Sauveur,USD,51000
1013,Data analyst,Full Time,Entry,Hamburg,USD,30000
1014,Data analyst,Full Time,Mid,Stuttgart,USD,51000
1015,Data analyst,Full Time,Entry,Madrid,USD,30000
1016,Data analyst,Full Time,Senior,New York City,USD,63000
1018,Data analyst,Full Time,Mid,Paris,USD,51000
1019,Data analyst,Full Time,Mid,Sydney,USD,51000
1020,Data analyst,Full Time,Senior,Bangkok,USD,63000
1021,Data analyst,Full Time,Mid,Cape Town,USD,51000
1024,Data analyst,Full Time,Senior,Ontario,USD,63000
1027,Data analyst,Full Time,Senior,Washington DC - will also consider remote …,USD,63000
1030,Data analyst,Full Time,Senior,Bengaluru,USD,63000
1031,Data analyst,Full Time,Senior,Pune,USD,63000
1032,Data analyst,Full Time,Entry,Kraków,USD,30000
1033,Data analyst,Full Time,Senior,Irving,USD,63000
1034,Data analyst,Full Time,Senior,Malaysia - Kuala Lumpur,USD,63000
1035,Data analyst,Full Time,Senior,Sydney,USD,63000
1036,Data analyst,Full Time,Senior,Montreal,USD,63000
1038,Data analyst,Full Time,Senior,United States,USD,63000
1039,Data analyst,Full Time,Mid,Boston,USD,124000
1040,Data analyst,Full Time,Senior,Remote - USA,USD,63000
1044,Data analyst,Full Time,Senior,Remote,USD,63000
1046,Data analyst,Internship,Entry,Wien,USD,30000
1047,Data analyst,Full Time,Senior,New York City,USD,90000
1048,Data analyst,Full Time,Senior,Stamford,USD,100000
1049,Data analyst,Full Time,Entry,Kraków,USD,30000
1054,Data analyst,Full Time,Senior,Washington DC - will also consider remote …,USD,63000
1055,Data analyst,Full Time,Mid,Cairo,USD,51000
1056,Data analyst,Full Time,Mid,Colorado Springs,USD,100000
1057,Data analyst,Full Time,Mid,İstanbul,USD,51000
1107,Data analyst,Full Time,Senior,Remote (US),USD,115000
1114,Data analyst,Full Time,Senior,San Francisco,USD,129000
1118,Data analyst,Full Time,Senior,Enkhuizen,USD,68000
1121,Data analyst,Full Time,Senior,Brooklyn,USD,104000
1131,Data analyst,Full Time,Senior,Brooklyn,USD,130000
1158,Data analyst,Full Time,Mid,Paris,USD,40000
1174,Data analyst,Full Time,Entry,Mumbai,USD,30000
1177,Data analyst,Full Time,Mid,Mechelen,USD,51000
1178,Data analyst,Full Time,Senior,San Jose,USD,46000
1180,Data analyst,Full Time,Mid,Genève,USD,51000
1181,Data analyst,Full Time,Senior,Paris,USD,46000
1183,Data analyst,Full Time,Mid,Marousi,USD,51000
1184,Data analyst,Full Time,Senior,Irving,USD,68000
1187,Data analyst,Full Time,Senior,India - Bengaluru,USD,46000
1188,Data analyst,Full Time,Senior,San Francisco,USD,110000
1189,Data analyst,Full Time,Mid,Brampton,USD,51000
1190,Data analyst,Full Time,Senior,US / Remote,USD,46000
1191,Data analyst,Full Time,Senior,New York City,USD,131000
1193,Data analyst,Full Time,Senior,Dubai,USD,46000
1194,Data analyst,Full Time,Senior,Mountain View,USD,68000
1195,Data analyst,Full Time,Mid,Bengaluru,USD,51000
1197,Data analyst,Full Time,Entry,Walnut Creek,USD,30000
1198,Data analyst,Full Time,Senior,USA,USD,46000
1199,Data analyst,Full Time,Mid,Berlin,USD,51000
1200,Big data,Full Time,Senior,Remote,EUR,65000
1201,Big data,Full Time,Mid,London,USD,51000
1202,Big data,Full Time,Senior,London,USD,30000
1203,Big data,Full Time,Mid,London,USD,45000
1204,Big data,Full Time,Senior,London,USD,30000
1205,Big data,Full Time,Senior,Somerville,USD,69000
1207,Big data,Full Time,Senior,Somerville,USD,69000
1208,Big data,Full Time,Senior,London,USD,62000
1209,Big data,Full Time,Senior,London,USD,62000
1210,Big data,Full Time,Senior,London,USD,62000
1211,Big data,Full Time,Mid,London,USD,45000
1212,Big data,Full Time,Senior,Boulogne-Billancourt,USD,62000
1213,Big data,Full Time,Mid,London,USD,45000
1214,Big data,Full Time,Senior,London,USD,62000
1215,Big data,Full Time,Senior,Tel Aviv,USD,30000
1216,Big data,Full Time,Senior,Brussels,USD,62000
1219,Big data,Full Time,Senior,Boston,USD,63000
1220,Big data,Full Time,Senior,Boston - Remote,USD,63000
1221,Big data,Full Time,Senior,Porto,USD,56000
1222,Big data,Full Time,Mid,Poznań,USD,45000
1223,Big data,Full Time,Senior,London,USD,76000
1224,Big data,Full Time,Senior,Cambridge,USD,68000
1225,Big data,Full Time,Senior,Cambridge,USD,63000
1226,Big data,Full Time,Senior,London,USD,76000
1227,Big data,Full Time,Senior,Remote,USD,120000
1230,Big data,Full Time,Senior,Chicago,USD,113000
1234,Big data,Full Time,Entry,Katowice,USD,30000
1238,Big data,Full Time,Senior,Kusterdingen,USD,76000
1240,Big data,Full Time,Senior,Kyiv,USD,30000
1242,Big data,Full Time,Senior,Salt Lake City,USD,68000
1243,Big data,Full Time,Senior,Basel,USD,68000
1254,Big data,Full Time,Senior,Santa Clara,USD,171000
1263,Big data,Full Time,Senior,São Paulo,USD,30000
1264,Big data,Full Time,Senior,United States,USD,63000
1267,Big data,Full Time,Senior,San Francisco,USD,106000
1275,Big data,Full Time,Senior,Basel,USD,68000
1277,Big data,Full Time,Mid,Abu Dhabi,USD,51000
1284,Big data,Full Time,Senior,Cape Town,USD,30000
1285,Big data,Full Time,Senior,Aarhus,USD,68000
1290,Big data,Full Time,Senior,Remote,USD,68000
1291,Big data,Full Time,Senior,Jealott's Hill,USD,68000
1295,Big data,Full Time,Senior,Remote,USD,76000
1296,Big data,Full Time,Senior,Beaverton,USD,76000
1298,Big data,Full Time,Mid,Paris,USD,51000
1305,Big data,Full Time,Executive,Hyderabad,USD,46000
1311,Big data,Full Time,Senior,Dublin,USD,30000
1313,Big data,Full Time,Senior,Kusterdingen,USD,76000
1319,Big data,Full Time,Entry,Poznań,USD,30000
1320,Big data,Full Time,Senior,Singapore,USD,56000
1323,Big data,Full Time,Senior,London,USD,76000
1327,Big data,Full Time,Senior,Hyderabad,USD,30000
1328,Big data,Full Time,Senior,Warszawa,USD,30000
1333,Big data,Full Time,Senior,Poland,USD,63000
1334,Big data,Full Time,Senior,Bangkok,USD,63000
1336,Big data,Full Time,Mid,Bangkok,USD,51000
1340,Big data,Full Time,Senior,Bangkok,USD,63000
1351,Big data,Full Time,Senior,Bengaluru,USD,30000
1353,Big data,Full Time,Senior,United States,USD,63000
1355,Big data,Full Time,Senior,Bengaluru,USD,30000
1357,Big data,Internship,Entry,Wien,USD,30000
1363,Big data,Full Time,Senior,Mexico City,USD,30000
1365,Big data,Full Time,Senior,Baar,USD,68000
1368,Big data,Full Time,Senior,Hyderabad,USD,30000
1373,Big data,Full Time,Senior,Remote,USD,100000
1380,Big data,Full Time,Mid,Bordeaux,USD,40000
1392,Big data,Full Time,Entry,Mumbai,USD,30000
1397,Big data,Full Time,Senior,Petach Tikva,USD,30000
1398,Big data,Full Time,Senior,Bengaluru,USD,30000
1400,Big data,Full Time,Senior,Remote (Anywhere US),USD,30000
1410,Big data,Full Time,Senior,New York City,USD,129000
1413,Big data,Full Time,Senior,Athens,USD,76000
1414,Big data,Full Time,Senior,Kusterdingen,USD,76000
1416,Big data,Full Time,Senior,New York City; San Francisco,USD,178000
1421,Big data,Full Time,Senior,Bangkok,USD,46000
1424,Big data,Full Time,Senior,Delhi,USD,76000
1426,Big data,Full Time,Senior,Delhi,USD,76000
1430,Big data,Full Time,Senior,Bangkok,USD,46000
1431,Big data,Full Time,Mid,Bangkok,USD,51000
1437,Big data,Full Time,Senior,Westminster,USD,100000
1449,Big data,Full Time,Mid,Toulouse,USD,30000
1451,Big data,Full Time,Senior,Vero Beach,USD,45000
1453,Big data,Full Time,Senior,India,USD,30000
1462,Big data,Full Time,Senior,Makati,USD,30000
1463,Big data,Full Time,Senior,Cartagena,USD,76000
1464,Big data,Full Time,Mid,Granada,USD,38000
1465,Big data,Full Time,Senior,Sydney,USD,30000
1466,Big data,Full Time,Senior,Remote,USD,76000
1468,Big data,Full Time,Mid,Las Vegas,USD,78000
1469,Big data,Full Time,Senior,Singapore,USD,46000
1470,Big data,Full Time,Mid,Bangkok,USD,38000
1471,Big data,Full Time,Senior,Bengaluru,USD,76000
1472,Big data,Full Time,Mid,Enkhuizen,USD,38000
1473,Big data,Full Time,Senior,Bengaluru,USD,76000
1474,Big data,Full Time,Mid,Bengaluru,USD,30000
1475,Big data,Full Time,Mid,Bengaluru,USD,30000
1477,Big data,Full Time,Mid,Bengaluru,USD,30000
1478,Big data,Full Time,Mid,Monterrey,USD,38000
1480,Big data,Full Time,Senior,Bangkok,USD,46000
1481,Big data,Full Time,Senior,Bangkok,USD,46000
1483,Big data,Full Time,Mid,Barcelona,USD,30000
1484,Big data,Full Time,Mid,Bangkok,USD,51000
1488,Machine learning,Full Time,Mid,US east coast,USD,124000
1489,Machine learning,Full Time,Executive,Montréal,USD,81000
1490,Machine learning,Full Time,Mid,Remote,USD,51000
1491,Machine learning,Full Time,Mid,Remote,USD,51000
1492,Machine learning,Full Time,Senior,Stuttgart,USD,62000
1493,Machine learning,Full Time,Mid,Remote,USD,51000
1494,Machine learning,Full Time,Senior,Boston,USD,120000
1495,Machine learning,Full Time,Senior,London,USD,68000
1496,Machine learning,Full Time,Mid,Remote,USD,51000
1498,Machine learning,Full Time,Senior,Boston,USD,120000
1499,Machine learning,Full Time,Senior,Remote Poland,USD,56000
1501,Machine learning,Full Time,Senior,Research Triangle Park,USD,69000
1502,Machine learning,Full Time,Mid,Remote,USD,51000
1503,Machine learning,Full Time,Senior,Remote Poland,USD,56000
1504,Machine learning,Full Time,Mid,Remote,USD,51000
1505,Machine learning,Full Time,Mid,Malvern,USD,56000
1506,Machine learning,Full Time,Mid,Athens,USD,51000
1508,Machine learning,Full Time,Senior,Remote Poland,USD,56000
1509,Machine learning,Full Time,Senior,Portland,USD,142000
1510,Machine learning,Full Time,Mid,Warsaw,USD,51000
1511,Machine learning,Full Time,Senior,Santa Clara,USD,69000
1513,Machine learning,Full Time,Mid,Warsaw,USD,51000
1514,Machine learning,Full Time,Mid,Warsaw,USD,51000
1515,Machine learning,Full Time,Senior,Remote,USD,62000
1516,Machine learning,Full Time,Mid,Toronto,USD,43000
1518,Machine learning,Full Time,Senior,Lisbon,USD,45000
1520,Machine learning,Full Time,Senior,Mexico,USD,185000
1523,Machine learning,Full Time,Senior,Portland,USD,142000
1525,Machine learning,Full Time,Senior,Paris,USD,45000
1530,Machine learning,Full Time,Senior,San Francisco,USD,190000
1531,Machine learning,Full Time,Senior,Seattle,USD,63000
1534,Machine learning,Full Time,Senior,United States (Remote),USD,45000
1535,Machine learning,Full Time,Entry,New York City,USD,30000
1536,Machine learning,Full Time,Senior,San Francisco,USD,201000
1537,Machine learning,Full Time,Senior,Washington,USD,81000
1539,Machine learning,Internship,Entry,Mountain View,USD,56000
1540,Machine learning,Full Time,Senior,New York City,USD,150000
1541,Machine learning,Full Time,Senior,Seattle,USD,45000
1543,Machine learning,Full Time,Senior,Seattle,USD,45000
1544,Machine learning,Internship,Entry,Mountain View,USD,56000
1545,Machine learning,Full Time,Senior,San Francisco,USD,165000
1549,Machine learning,Full Time,Mid,Sydney,USD,62000
1550,Machine learning,Internship,Senior,New York City,USD,45000
1551,Machine learning,Full Time,Mid,Athens,USD,43000
1552,Machine learning,Full Time,Senior,Cambridge,USD,68000
1555,Machine learning,Full Time,Senior,Remote- US,USD,150000
1556,Machine learning,Full Time,Senior,Remote Canada,USD,63000
1558,Machine learning,Full Time,Senior,United States,USD,45000
1562,Machine learning,Full Time,Mid,Cape Town,USD,51000
1564,Machine learning,Full Time,Senior,Cambridge,USD,63000
1570,Machine learning,Full Time,Senior,New York City,USD,175000
1580,Machine learning,Full Time,Senior,Montreal,USD,56000
1581,Machine learning,Full Time,Entry,Barcelona,USD,30000
1583,Machine learning,Full Time,Mid,Athens,USD,63000
1584,Machine learning,Full Time,Mid,London,USD,43000
1585,Machine learning,Full Time,Senior,Brooklyn,USD,196000
1586,Machine learning,Full Time,Senior,Remote Canada,USD,63000
1588,Machine learning,Full Time,Senior,Kyiv,USD,30000
1589,Machine learning,Full Time,Senior,Remote - United States,USD,177000
1590,Machine learning,Full Time,Senior,Bengaluru,USD,63000
1592,Machine learning,Full Time,Senior,Lisbon,USD,45000
1596,Machine learning,Full Time,Senior,Australia,USD,45000
1597,Machine learning,Full Time,Senior,San Francisco,USD,167000
1598,Machine learning,Full Time,Senior,Sydney,USD,45000
1599,Machine learning,Full Time,Mid,Brampton,USD,43000
1604,Machine learning,Full Time,Mid,Dallas,USD,40000
1607,Machine learning,Full Time,Mid,Santiago de Querétaro,USD,45000
1609,Machine learning,Full Time,Senior,Washington,USD,81000
1610,Machine learning,Full Time,Senior,Warsaw,USD,120000
1614,Machine learning,Full Time,Senior,San Francisco,USD,120000
1618,Machine learning,Full Time,Mid,La Libertad,USD,45000
1619,Machine learning,Full Time,Mid,Santiago,USD,45000
1624,Machine learning,Full Time,Entry,Seoul,USD,30000
1630,Machine learning,Full Time,Senior,New York City,USD,200000
1633,Machine learning,Full Time,Senior,New York,USD,95000
1634,Machine learning,Full Time,Mid,Dayton,USD,40000
1635,Machine learning,Full Time,Senior,Seoul,USD,68000
1636,Machine learning,Full Time,Entry,Seattle,USD,30000
1638,Machine learning,Internship,Mid,Paris,USD,63000
1639,Machine learning,Full Time,Mid,Emeryville,USD,135000
1640,Machine learning,Full Time,Entry,Massy - France,USD,36000
1641,Machine learning,Full Time,Senior,San Francisco,USD,68000
1642,Machine learning,Internship,Mid,Brooklyn,USD,63000
1645,Machine learning,Full Time,Senior,Seoul,USD,45000
1646,Machine learning,Internship,Mid,Paris,USD,63000
1647,Machine learning,Full Time,Senior,Oakville,USD,68000
1648,Machine learning,Full Time,Senior,Seoul,USD,45000
1656,Machine learning,Full Time,Senior,Munich,USD,45000
1657,Machine learning,Full Time,Senior,Lisbon,USD,45000
1658,Machine learning,Full Time,Senior,Santa Clara,USD,68000
1659,Machine learning,Full Time,Senior,Remote US,USD,45000
1663,Machine learning,Full Time,Senior,United States,USD,63000
1666,Machine learning,Internship,Mid,United States - Remote,USD,63000
1667,Machine learning,Full Time,Entry,Calabasas,USD,120000
1669,Machine learning,Full Time,Entry,Carquefou,USD,30000
1672,Machine learning,Full Time,Mid,United States - Remote,USD,100000
1673,Machine learning,Full Time,Senior,Melbourne,USD,45000
1674,Machine learning,Full Time,Mid,New York City,USD,150000
1676,Machine learning,Internship,Mid,Brooklyn,USD,63000
1677,Machine learning,Full Time,Senior,Seattle,USD,45000
1678,Machine learning,Full Time,Mid,United States - Remote,USD,100000
1679,Machine learning,Full Time,Mid,Ann Arbor,USD,90000
1683,Machine learning,Full Time,Entry,Roppongi,USD,56000
1688,Machine learning,Full Time,Senior,Palo Alto,USD,45000
1695,Machine learning,Full Time,Mid,United States - Remote,USD,43000
1698,Machine learning,Full Time,Mid,Nairobi,USD,43000
1701,Machine learning,Full Time,Mid,France - Remote,USD,43000
1704,Machine learning,Full Time,Entry,Toronto,USD,36000
1705,Machine learning,Full Time,Senior,Remote - US; Remote - Canada,USD,168000
1706,Machine learning,Full Time,Mid,Ahmedabad,USD,43000
1708,Machine learning,Full Time,Mid,Barcelona,USD,40000
1710,Machine learning,Full Time,Senior,New York City,USD,45000
1713,Machine learning,Full Time,Senior,San Francisco,USD,142000
1714,Machine learning,Full Time,Mid,Roppongi,USD,43000
1716,Machine learning,Full Time,Senior,Pune,USD,45000
1717,Machine learning,Full Time,Mid,Roppongi,USD,43000
1723,Machine learning,Full Time,Senior,Berlin,USD,120000
1725,Machine learning,Full Time,Senior,Remote,USD,76000
1726,Machine learning,Full Time,Senior,Remote - United States,USD,45000
1727,Machine learning,Full Time,Senior,Arlington,USD,90000
1730,Machine learning,Full Time,Senior,Aarhus,USD,68000
1734,Machine learning,Full Time,Senior,Arlington,USD,105000
1740,Machine learning,Full Time,Senior,Berlin,USD,120000
1741,Machine learning,Full Time,Mid,Brampton,USD,43000
1746,Machine learning,Full Time,Senior,London,USD,45000
1747,Machine learning,Full Time,Senior,Vancouver,USD,132000
1749,Machine learning,Full Time,Senior,Remote,USD,45000
1750,Machine learning,Full Time,Senior,Palo Alto,USD,45000
1753,Machine learning,Full Time,Entry,San Francisco,USD,140000
1756,Machine learning,Full Time,Mid,Paris,USD,51000
1757,Machine learning,Full Time,Senior,US Remote,USD,183000
1763,Machine learning,Full Time,Senior,Beaverton,USD,63000
1767,Machine learning,Full Time,Senior,Remote,USD,45000
1769,Machine learning,Full Time,Senior,Toronto,USD,68000
1773,Machine learning,Internship,Senior,Sunnyvale,USD,63000
1775,Machine learning,Full Time,Entry,Warszawa,USD,30000
1776,Machine learning,Internship,Mid,Brooklyn,USD,63000
1779,Machine learning,Full Time,Entry,Antwerp,USD,30000
1786,Machine learning,Full Time,Mid,Dallas,USD,40000
1788,Machine learning,Full Time,Senior,San Francisco,USD,45000
1789,Machine learning,Full Time,Mid,Remote job,USD,45000
1795,Machine learning,Full Time,Senior,Bengaluru,USD,76000
1796,Machine learning,Full Time,Senior,London,USD,68000
1797,Machine learning,Full Time,Mid,Barcelona,USD,43000
1799,Machine learning,Full Time,Senior,Remote,USD,76000
1800,Machine learning,Full Time,Senior,Paris | Remote,EUR,70000
1801,Machine learning,Full Time,Senior,Amsterdam,USD,120000
1803,Machine learning,Full Time,Senior,Amsterdam,USD,45000
1804,Machine learning,Full Time,Senior,Remote - Uruguay,USD,45000
1805,Machine learning,Full Time,Senior,Vietnam - Remote,USD,76000
1806,Machine learning,Full Time,Mid,Budapest,USD,45000
1808,Machine learning,Full Time,Entry,Poznań,USD,30000
1809,Machine learning,Full Time,Senior,Singapore,USD,56000
1811,Machine learning,Full Time,Entry,Oslo,USD,30000
1815,Machine learning,Full Time,Senior,London,USD,45000
1821,Machine learning,Full Time,Senior,Bangkok,USD,68000
1824,Machine learning,Full Time,Senior,United States,USD,45000
1825,Machine learning,Full Time,Senior,Bangkok,USD,63000
1827,Machine learning,Full Time,Senior,New York,USD,145000
1828,Machine learning,Full Time,Senior,tel aviv,USD,45000
1831,Machine learning,Full Time,Senior,United States,USD,145000
1833,Machine learning,Full Time,Mid,Brampton,USD,43000
1840,Machine learning,Full Time,Senior,Remote,USD,45000
1845,Machine learning,Full Time,Senior,Palo Alto,USD,45000
1846,Machine learning,Full Time,Executive,New York City - Boston,USD,110000
1848,Machine learning,Full Time,Senior,Bangkok,USD,63000
1849,Machine learning,Full Time,Senior,Remote,USD,45000
1852,Machine learning,Full Time,Mid,Markham,USD,43000
1856,Machine learning,Full Time,Senior,Toronto,USD,120000
1857,Machine learning,Full Time,Senior,India,USD,45000
1859,Machine learning,Full Time,Senior,United States,USD,45000
1860,Machine learning,Full Time,Mid,Spain - Remote,USD,40000
1861,Machine learning,Full Time,Senior,Remote,USD,45000
1864,Machine learning,Full Time,Mid,London,GBP,40000
1867,Machine learning,Full Time,Senior,San Francisco,USD,45000
1868,Machine learning,Full Time,Senior,Bengaluru,USD,45000
1870,Machine learning,Full Time,Senior,Tampere,USD,45000
1871,Machine learning,Full Time,Entry,Sofia,USD,30000
1872,Machine learning,Full Time,Senior,US Remote,USD,163000
1873,Machine learning,Full Time,Senior,United States,USD,45000
1877,Machine learning,Full Time,Senior,London,USD,45000
1881,Machine learning,Full Time,Senior,Brooklyn,USD,196000
1883,Machine learning,Full Time,Senior,US Remote,USD,120000
1884,Machine learning,Full Time,Senior,United States,USD,63000
1885,Machine learning,Full Time,Senior,Remote - USA,USD,63000
1886,Machine learning,Full Time,Senior,United States,USD,45000
1887,Machine learning,Full Time,Senior,United States,USD,45000
1889,Machine learning,Full Time,Senior,Remote,USD,45000
1890,Machine learning,Full Time,Executive,United States,USD,43000
1896,Machine learning,Full Time,Senior,Canada,USD,45000
1900,Machine learning,Full Time,Mid,Cambridge,USD,30000
1905,Machine learning,Full Time,Senior,Indianapolis,USD,68000
1911,Machine learning,Full Time,Mid,Bengaluru,USD,63000
1914,Machine learning,Full Time,Senior,Toronto,USD,45000
1920,Machine learning,Full Time,Senior,Work from Home,USD,45000
1923,Machine learning,Full Time,Senior,New York City,USD,81000
1924,Machine learning,Full Time,Senior,Munich,USD,45000
1927,Machine learning,Full Time,Mid,New York City,USD,43000
1928,Machine learning,Full Time,Senior,New York City; San Francisco,USD,141000
1929,Machine learning,Full Time,Entry,Seattle,USD,30000
1932,Machine learning,Full Time,Senior,Los Angeles,USD,103000
1934,Machine learning,Full Time,Mid,Lisbon,USD,63000
1938,Machine learning,Full Time,Mid,Roppongi,USD,62000
1939,Machine learning,Full Time,Senior,Valencia,USD,68000
1941,Machine learning,Full Time,Senior,Remote,USD,100000
1946,Machine learning,Full Time,Senior,Remote Canada,USD,45000
1949,Machine learning,Full Time,Mid,South Jakarta,USD,43000
1955,Machine learning,Full Time,Senior,Seattle,USD,68000
1958,Machine learning,Full Time,Senior,Canada,USD,45000
1960,Machine learning,Full Time,Senior,London,USD,63000
1961,Machine learning,Full Time,Mid,Roppongi,USD,62000
1972,Machine learning,Full Time,Senior,Mountain View,USD,56000
1975,Machine learning,Full Time,Senior,Palo Alto,USD,68000
1981,Machine learning,Full Time,Senior,Bengaluru,USD,68000
1985,Machine learning,Full Time,Senior,Dublin,USD,45000
1986,Machine learning,Full Time,Senior,Berlin,USD,68000
1987,Machine learning,Full Time,Senior,Atlanta,USD,76000
1988,Machine learning,Full Time,Mid,Mandaluyong,USD,43000
1990,Machine learning,Full Time,Senior,Atlanta,USD,76000
1991,Machine learning,Full Time,Senior,Remote,USD,45000
1993,Machine learning,Full Time,Mid,Brampton,USD,43000
1996,Machine learning,Full Time,Senior,London,USD,45000
1998,Machine learning,Full Time,Senior,San Francisco,USD,142000
1999,Machine learning,Full Time,Executive,Singapore,USD,43000
2001,Machine learning,Full Time,Senior,Toronto,USD,228000
2003,Machine learning,Full Time,Senior,Bengaluru,USD,45000
2004,Machine learning,Full Time,Executive,San Francisco,USD,175000
2006,Machine learning,Full Time,Mid,Greenville,USD,38000
2007,Machine learning,Full Time,Senior,San Jose,USD,56000
2010,Machine learning,Full Time,Senior,Bengaluru,USD,45000
2011,Machine learning,Full Time,Senior,San Francisco,USD,45000
2016,Machine learning,Full Time,Senior,Seoul,USD,68000
2017,Machine learning,Full Time,Entry,Seoul,USD,30000
2028,Machine learning,Full Time,Senior,San Jose,USD,45000
2031,Machine learning,Full Time,Senior,Brooklyn,USD,184000
2032,Machine learning,Full Time,Senior,Bengaluru,USD,45000
2033,Machine learning,Full Time,Senior,San Jose,USD,45000
2034,Machine learning,Full Time,Mid,Berkeley,USD,43000
2045,Machine learning,Full Time,Senior,Seoul,USD,45000
2047,Machine learning,Full Time,Senior,San Francisco,USD,142000
2049,Machine learning,Full Time,Senior,Santa Clara,USD,45000
2050,Machine learning,Full Time,Senior,Munich,USD,45000
2051,Machine learning,Full Time,Entry,Antwerp,USD,30000
2053,Machine learning,Full Time,Mid,United States,USD,43000
2054,Machine learning,Full Time,Senior,San Francisco,USD,172000
2055,Machine learning,Full Time,Senior,Sunnyvale,USD,56000
2056,Machine learning,Full Time,Senior,Lexington,USD,68000
2057,Machine learning,Full Time,Senior,Sunnyvale,USD,56000
2060,Machine learning,Full Time,Senior,London,USD,45000
2062,Machine learning,Full Time,Senior,New York City,USD,45000
2063,Machine learning,Full Time,Senior,Bangkok,USD,46000
2064,Machine learning,Full Time,Senior,Portugal,USD,45000
2065,Machine learning,Internship,Entry,Santa Clara,USD,36000
2066,Machine learning,Full Time,Mid,London,GBP,65000
2069,Machine learning,Full Time,Senior,Boston,USD,115000
2072,Machine learning,Full Time,Senior,Pune,USD,45000
2074,Machine learning,Full Time,Senior,San Francisco,USD,142000
2075,Machine learning,Full Time,Senior,Delhi,USD,76000
2079,Machine learning,Full Time,Mid,Warsaw,USD,43000
2081,Machine learning,Full Time,Senior,Bangkok,USD,46000
2083,Machine learning,Full Time,Mid,Kraków,USD,43000
2090,Machine learning,Full Time,Senior,Bengaluru,USD,68000
2094,Machine learning,Full Time,Senior,Wrocław,USD,45000
2098,Machine learning,Full Time,Senior,Wrocław,USD,45000
2099,Machine learning,Full Time,Senior,New York City,USD,119000
2100,Machine learning,Full Time,Senior,San Francisco,USD,147000
2101,Machine learning,Full Time,Senior,Basel,USD,45000
2105,Machine learning,Full Time,Senior,Palo Alto,USD,45000
2106,Machine learning,Full Time,Senior,Abu Dhabi,USD,68000
2107,Machine learning,Full Time,Senior,India,USD,68000
2109,Machine learning,Internship,Senior,United States,USD,45000
2111,Machine learning,Full Time,Senior,České Budějovice,USD,68000
2114,Machine learning,Full Time,Senior,San Francisco,USD,68000
2118,Machine learning,Full Time,Mid,Toulouse,USD,30000
2119,Machine learning,Full Time,Senior,Ballerup,USD,76000
2122,Machine learning,Full Time,Senior,Vero Beach,USD,45000
2124,Machine learning,Full Time,Mid,Ho Chi Minh City,USD,38000
2130,Machine learning,Full Time,Entry,Paris,USD,30000
2134,Machine learning,Internship,Entry,Palo Alto,USD,30000
2139,Machine learning,Full Time,Senior,Poland,USD,45000
2144,Machine learning,Full Time,Senior,UK/EU or compatible timezone (Remote),USD,45000
2147,Machine learning,Full Time,Senior,San Francisco,USD,45000
2149,Machine learning,Full Time,Mid,Brampton,USD,43000
2161,Machine learning,Full Time,Senior,Remote,USD,68000
2170,Machine learning,Full Time,Entry,Stuttgart,USD,30000
2172,Machine learning,Full Time,Senior,Toronto,USD,45000
2178,Machine learning,Full Time,Senior,United States,USD,45000
2180,Machine learning,Full Time,Senior,Remote,USD,45000
2181,Machine learning,Full Time,Mid,Ann Arbor,USD,90000
2188,ML Ops,Full Time,Mid,US east coast,USD,124000
2189,ML Ops,Full Time,Entry,North Sydney,USD,35000
2190,ML Ops,Full Time,Senior,Berlin,USD,62000
2191,ML Ops,Full Time,Mid,Malvern,USD,56000
2201,ML Ops,Full Time,Mid,London,USD,43000
2202,ML Ops,Full Time,Mid,Santiago de Querétaro,USD,45000
2205,ML Ops,Full Time,Mid,La Libertad,USD,45000
2206,ML Ops,Full Time,Mid,Santiago,USD,45000
2208,ML Ops,Full Time,Senior,San Francisco,USD,68000
2225,ML Ops,Full Time,Entry,San Diego,USD,58000
2232,ML Ops,Full Time,Senior,Toronto,USD,45000
2237,ML Ops,Full Time,Senior,New York City; San Francisco,USD,141000
2239,ML Ops,Full Time,Senior,New York City / Remote,USD,55000
2240,ML Ops,Full Time,Senior,Remote,USD,100000
2243,ML Ops,Full Time,Senior,Toronto,USD,228000
2249,ML Ops,Full Time,Senior,Boston,USD,115000
2250,ML Ops,Full Time,Senior,Delhi,USD,76000
2255,ML Ops,Full Time,Senior,San Francisco,USD,68000
2259,ML Ops,Internship,Senior,New York City,USD,135000
